group,student,a1_coursera,a2_coursera,b_coursera,coursera,d1a,d1b,d1c,d1d,d1e,d1f,d1prel,d1fraud,d1,k1a,k1b,k1c,k1d,k1e,k1f,k1f.1,k1prel,k1,total,final
БЭК181,eds_python_2020_1,50.0,50.0,40.0,10.0,1.0,1.0,1.0,1.0,1.0,1.0,6.0,0.0,10.0,10.0,10.0,20.0,30.0,4.0,22.0,5.0,101.0,10.1,4.52,5.0
БЭК181,eds_python_2020_2,50.0,50.0,40.0,10.0,1.0,1.0,1.0,1.0,1.0,1.0,6.0,1.0,10.0,9.0,10.0,20.0,,16.0,12.0,,67.0,6.7,3.84,4.0
БЭК181,eds_python_2020_3,50.0,50.0,40.0,10.0,1.0,1.0,1.0,1.0,1.0,1.0,6.0,0.0,10.0,2.0,10.0,20.0,,20.0,30.0,,82.0,8.2,4.14,4.0
БЭК181,eds_python_2020_4,50.0,50.0,40.0,10.0,1.0,1.0,1.0,1.0,1.0,1.0,6.0,1.0,10.0,10.0,10.0,20.0,,16.0,14.0,,70.0,7.0,3.9,4.0
БЭК181,eds_python_2020_5,50.0,50.0,40.0,10.0,0.0,1.0,1.0,0.0,1.0,1.0,4.0,2.0,6.666666667,10.0,10.0,12.0,0.0,16.0,22.0,,70.0,7.0,3.566666667,4.0
БЭК181,eds_python_2020_6,50.0,50.0,40.0,10.0,1.0,1.0,1.0,1.0,1.0,1.0,6.0,0.0,10.0,10.0,10.0,20.0,30.0,6.0,12.0,0.0,88.0,8.8,4.26,4.0
БЭК181,eds_python_2020_7,50.0,50.0,40.0,10.0,1.0,1.0,1.0,1.0,1.0,1.0,6.0,2.0,10.0,10.0,10.0,16.0,8.0,20.0,18.0,0.0,82.0,8.2,4.14,4.0
БЭК181,eds_python_2020_8,50.0,50.0,40.0,10.0,1.0,1.0,1.0,0.0,1.0,1.0,5.0,0.0,8.333333332999999,10.0,10.0,18.0,,2.0,12.0,0.0,52.0,5.2,3.373333333,3.0
БЭК181,eds_python_2020_9,50.0,50.0,40.0,10.0,1.0,1.0,1.0,1.0,1.0,1.0,6.0,0.0,10.0,10.0,10.0,9.0,,4.0,14.0,0.0,47.0,4.7,3.44,3.0
БЭК181,eds_python_2020_10,50.0,50.0,40.0,10.0,1.0,1.0,1.0,1.0,1.0,1.0,6.0,2.0,10.0,10.0,10.0,7.0,0.0,0.0,,,27.0,2.7,3.04,3.0
БЭК181,eds_python_2020_11,50.0,50.0,36.0,10.0,,1.0,,,0.0,0.0,1.0,0.0,1.6666666669999999,4.0,10.0,20.0,,20.0,12.0,,66.0,6.6,2.9866666669999997,3.0
БЭК181,eds_python_2020_12,50.0,50.0,40.0,10.0,1.0,1.0,1.0,0.0,1.0,1.0,5.0,1.0,8.333333332999999,10.0,10.0,6.0,,,,,26.0,2.6,2.853333333,3.0
БЭК181,eds_python_2020_13,50.0,50.0,40.0,10.0,1.0,1.0,1.0,1.0,1.0,1.0,6.0,2.0,10.0,10.0,10.0,20.0,,16.0,12.0,,68.0,6.8,3.86,4.0
БЭК181,eds_python_2020_14,50.0,50.0,40.0,10.0,1.0,1.0,1.0,0.0,1.0,1.0,5.0,1.0,8.333333332999999,10.0,10.0,20.0,,0.0,12.0,0.0,52.0,5.2,3.373333333,3.0
БЭК181,eds_python_2020_15,50.0,50.0,40.0,10.0,1.0,1.0,1.0,1.0,1.0,1.0,6.0,1.0,10.0,10.0,10.0,12.0,,16.0,12.0,,60.0,6.0,3.7,4.0
БЭК181,eds_python_2020_16,50.0,50.0,40.0,10.0,1.0,1.0,1.0,1.0,1.0,1.0,6.0,1.0,10.0,10.0,10.0,13.0,,16.0,22.0,0.0,71.0,7.1,3.92,4.0
БЭК181,eds_python_2020_17,50.0,50.0,40.0,10.0,1.0,1.0,1.0,1.0,1.0,1.0,6.0,1.0,10.0,10.0,10.0,18.0,0.0,4.0,12.0,10.0,64.0,6.4,3.78,4.0
БЭК181,eds_python_2020_18,50.0,50.0,40.0,10.0,1.0,1.0,1.0,1.0,1.0,1.0,6.0,1.0,10.0,10.0,10.0,18.0,17.0,16.0,12.0,0.0,83.0,8.3,4.16,4.0
БЭК181,eds_python_2020_19,50.0,50.0,40.0,10.0,1.0,1.0,1.0,1.0,1.0,1.0,6.0,1.0,10.0,10.0,10.0,6.0,,16.0,12.0,,54.0,5.4,3.58,4.0
БЭК181,eds_python_2020_20,50.0,50.0,40.0,10.0,1.0,1.0,1.0,1.0,1.0,1.0,6.0,2.0,10.0,10.0,10.0,18.0,0.0,20.0,12.0,,70.0,7.0,3.9,4.0
БЭК181,eds_python_2020_21,50.0,50.0,40.0,10.0,1.0,1.0,1.0,1.0,1.0,1.0,6.0,0.0,10.0,,10.0,7.0,30.0,,12.0,,59.0,5.9,3.68,4.0
БЭК181,eds_python_2020_22,50.0,50.0,40.0,10.0,1.0,1.0,1.0,1.0,1.0,1.0,6.0,2.0,10.0,10.0,10.0,18.0,17.0,4.0,12.0,0.0,71.0,7.1,3.92,4.0
БЭК181,eds_python_2020_23,50.0,50.0,40.0,10.0,1.0,1.0,1.0,1.0,1.0,1.0,6.0,4.0,0.0,10.0,10.0,7.0,30.0,4.0,12.0,,73.0,7.3,2.96,3.0
БЭК181,eds_python_2020_24,50.0,50.0,40.0,10.0,1.0,1.0,1.0,1.0,1.0,1.0,6.0,1.0,10.0,10.0,10.0,20.0,,14.0,12.0,,66.0,6.6,3.82,4.0
БЭК181,eds_python_2020_25,50.0,50.0,40.0,10.0,1.0,1.0,1.0,1.0,1.0,1.0,6.0,1.0,10.0,10.0,0.0,13.0,,,14.0,0.0,37.0,3.7,3.24,3.0
БЭК181,eds_python_2020_26,,,,,1.0,1.0,1.0,1.0,1.0,1.0,6.0,1.0,10.0,1.0,10.0,,,,30.0,0.0,41.0,4.1,,
БЭК181,eds_python_2020_27,50.0,50.0,40.0,10.0,1.0,1.0,1.0,1.0,1.0,1.0,6.0,0.0,10.0,1.0,0.0,20.0,30.0,4.0,12.0,,67.0,6.7,3.84,4.0
БЭК181,eds_python_2020_28,50.0,50.0,40.0,10.0,1.0,1.0,1.0,1.0,1.0,1.0,6.0,0.0,10.0,10.0,10.0,20.0,8.0,18.0,30.0,,96.0,9.6,4.42,4.0
БЭК181,eds_python_2020_29,50.0,50.0,40.0,10.0,1.0,1.0,1.0,0.0,1.0,1.0,5.0,1.0,8.333333332999999,10.0,10.0,20.0,0.0,10.0,12.0,,62.0,6.2,3.5733333330000003,4.0
БЭК1810,eds_python_2020_30,21.0,50.0,40.0,8.0,1.0,1.0,1.0,1.0,1.0,1.0,6.0,1.0,10.0,,10.0,9.0,0.0,6.0,8.0,,33.0,3.3,2.86,3.0
БЭК1810,eds_python_2020_31,50.0,50.0,40.0,10.0,1.0,1.0,1.0,1.0,1.0,1.0,6.0,0.0,10.0,10.0,10.0,18.0,,10.0,12.0,,60.0,6.0,3.7,4.0
БЭК1810,eds_python_2020_32,,,,,0.0,0.0,,,,0.0,0.0,0.0,0.0,0.0,10.0,,30.0,16.0,,,56.0,5.6,,
БЭК1810,eds_python_2020_33,37.0,50.0,40.0,9.0,1.0,1.0,1.0,0.0,1.0,1.0,5.0,0.0,8.333333332999999,9.0,10.0,16.0,,,8.0,,43.0,4.3,3.043333333,3.0
БЭК1810,eds_python_2020_34,50.0,50.0,40.0,10.0,1.0,1.0,1.0,1.0,1.0,1.0,6.0,3.0,0.0,1.0,10.0,15.0,,0.0,12.0,,38.0,3.8,2.26,2.0
БЭК1810,eds_python_2020_35,50.0,50.0,40.0,10.0,1.0,1.0,1.0,1.0,1.0,1.0,6.0,2.0,10.0,10.0,10.0,10.0,,,12.0,,42.0,4.2,3.34,3.0
БЭК1810,eds_python_2020_36,50.0,50.0,40.0,10.0,1.0,1.0,1.0,1.0,1.0,1.0,6.0,3.0,0.0,9.0,10.0,18.0,0.0,14.0,0.0,0.0,51.0,5.1,2.52,3.0
БЭК1810,eds_python_2020_37,50.0,50.0,40.0,10.0,1.0,1.0,1.0,1.0,1.0,1.0,6.0,1.0,10.0,10.0,10.0,20.0,30.0,20.0,30.0,10.0,130.0,13.0,5.1,5.0
БЭК1810,eds_python_2020_38,50.0,50.0,40.0,10.0,1.0,1.0,1.0,1.0,1.0,1.0,6.0,0.0,10.0,,10.0,20.0,0.0,,,10.0,40.0,4.0,3.3,3.0
БЭК1810,eds_python_2020_39,50.0,50.0,40.0,10.0,1.0,1.0,1.0,1.0,1.0,1.0,6.0,2.0,10.0,10.0,10.0,20.0,30.0,16.0,30.0,,116.0,11.6,4.82,5.0
БЭК1810,eds_python_2020_40,,,,,,,,,,,,,0.0,,,,,,,,0.0,0.0,,
БЭК1810,eds_python_2020_41,,,,,0.0,,,,,,0.0,0.0,0.0,,,,,,,,0.0,0.0,,
БЭК1810,eds_python_2020_42,50.0,50.0,40.0,10.0,1.0,1.0,1.0,1.0,1.0,1.0,6.0,0.0,10.0,,10.0,18.0,,,12.0,,40.0,4.0,3.3,3.0
БЭК1810,eds_python_2020_43,50.0,50.0,40.0,10.0,1.0,1.0,1.0,0.0,1.0,1.0,5.0,0.0,8.333333332999999,0.0,10.0,18.0,,4.0,12.0,,44.0,4.4,3.213333333,3.0
БЭК1810,eds_python_2020_44,50.0,50.0,40.0,10.0,1.0,1.0,1.0,1.0,1.0,1.0,6.0,0.0,10.0,10.0,10.0,12.0,,4.0,12.0,,48.0,4.8,3.46,3.0
БЭК1810,eds_python_2020_45,50.0,50.0,40.0,10.0,1.0,1.0,1.0,0.0,1.0,1.0,5.0,1.0,8.333333332999999,,10.0,18.0,,2.0,8.0,,38.0,3.8,3.093333333,3.0
БЭК1810,eds_python_2020_46,50.0,50.0,40.0,10.0,1.0,1.0,1.0,1.0,1.0,1.0,6.0,1.0,10.0,10.0,10.0,20.0,,0.0,12.0,,52.0,5.2,3.54,4.0
БЭК1810,eds_python_2020_47,8.0,8.0,0.0,1.0,,0.0,,,,,0.0,0.0,0.0,,,,,,,,0.0,0.0,0.15,0.0
БЭК1810,eds_python_2020_48,,,,,0.0,0.0,,,,0.0,0.0,0.0,0.0,0.0,10.0,,30.0,16.0,,,56.0,5.6,,
БЭК1810,eds_python_2020_49,50.0,50.0,40.0,10.0,0.0,1.0,1.0,1.0,1.0,1.0,5.0,1.0,8.333333332999999,10.0,10.0,16.0,,,14.0,,50.0,5.0,3.333333333,3.0
БЭК1810,eds_python_2020_50,,,,,0.0,1.0,1.0,1.0,0.0,1.0,4.0,1.0,6.666666667,0.0,10.0,18.0,,4.0,12.0,,44.0,4.4,,
БЭК1810,eds_python_2020_51,50.0,50.0,40.0,10.0,0.0,1.0,1.0,0.0,1.0,1.0,4.0,2.0,6.666666667,,10.0,0.0,,,,,10.0,1.0,2.366666667,2.0
БЭК1810,eds_python_2020_52,50.0,50.0,40.0,10.0,1.0,1.0,1.0,1.0,1.0,1.0,6.0,0.0,10.0,10.0,10.0,12.0,0.0,16.0,12.0,,60.0,6.0,3.7,4.0
БЭК1810,eds_python_2020_53,50.0,50.0,40.0,10.0,1.0,1.0,1.0,1.0,1.0,1.0,6.0,2.0,10.0,10.0,10.0,20.0,30.0,20.0,30.0,10.0,130.0,13.0,5.1,5.0
БЭК1810,eds_python_2020_54,50.0,50.0,40.0,10.0,1.0,1.0,1.0,0.0,1.0,1.0,5.0,1.0,8.333333332999999,10.0,10.0,20.0,0.0,16.0,,,56.0,5.6,3.4533333330000002,3.0
БЭК1810,eds_python_2020_55,50.0,50.0,40.0,10.0,1.0,1.0,1.0,1.0,1.0,1.0,6.0,0.0,10.0,10.0,10.0,20.0,30.0,16.0,12.0,,98.0,9.8,4.46,4.0
БЭК1810,eds_python_2020_56,50.0,50.0,40.0,10.0,1.0,1.0,1.0,1.0,1.0,1.0,6.0,1.0,10.0,10.0,10.0,13.0,30.0,,22.0,,85.0,8.5,4.2,4.0
БЭК1810,eds_python_2020_57,50.0,50.0,40.0,10.0,0.0,1.0,,,,,1.0,1.0,1.6666666669999999,10.0,10.0,0.0,,,,,20.0,2.0,2.066666667,2.0
БЭК1810,eds_python_2020_58,50.0,50.0,40.0,10.0,1.0,1.0,1.0,1.0,1.0,1.0,6.0,2.0,10.0,9.0,10.0,9.0,,,,,28.0,2.8,3.06,3.0
БЭК1810,eds_python_2020_59,,,,,,1.0,0.0,,,1.0,2.0,2.0,3.333333333,,,,,,,,0.0,0.0,,
БЭК1811,eds_python_2020_60,,50.0,40.0,8.0,0.0,1.0,1.0,1.0,1.0,1.0,5.0,0.0,8.333333332999999,,,,,,,,0.0,0.0,2.0333333330000003,2.0
БЭК1811,eds_python_2020_61,,,,,,,,,,,,,0.0,,,,,,,,0.0,0.0,,
БЭК1811,eds_python_2020_62,50.0,50.0,40.0,10.0,1.0,1.0,1.0,0.0,1.0,0.0,4.0,0.0,6.666666667,,10.0,20.0,,8.0,12.0,0.0,50.0,5.0,3.166666667,3.0
БЭК1811,eds_python_2020_63,50.0,50.0,40.0,10.0,1.0,1.0,1.0,1.0,1.0,1.0,6.0,1.0,10.0,10.0,10.0,18.0,,20.0,12.0,,70.0,7.0,3.9,4.0
БЭК1811,eds_python_2020_64,50.0,50.0,40.0,10.0,1.0,1.0,1.0,1.0,1.0,1.0,6.0,2.0,10.0,0.0,10.0,15.0,,,,0.0,25.0,2.5,3.0,3.0
БЭК1811,eds_python_2020_65,50.0,50.0,40.0,10.0,1.0,1.0,1.0,0.0,1.0,1.0,5.0,1.0,8.333333332999999,10.0,10.0,20.0,,4.0,,,44.0,4.4,3.213333333,3.0
БЭК1811,eds_python_2020_66,50.0,50.0,40.0,10.0,1.0,1.0,1.0,1.0,1.0,1.0,6.0,2.0,10.0,10.0,10.0,20.0,,20.0,30.0,10.0,100.0,10.0,4.5,5.0
БЭК1811,eds_python_2020_67,50.0,50.0,40.0,10.0,1.0,1.0,1.0,1.0,1.0,1.0,6.0,1.0,10.0,10.0,10.0,9.0,,,12.0,,41.0,4.1,3.32,3.0
БЭК1811,eds_python_2020_68,50.0,50.0,40.0,10.0,1.0,1.0,1.0,1.0,1.0,1.0,6.0,3.0,0.0,10.0,10.0,20.0,30.0,16.0,20.0,0.0,106.0,10.6,3.62,4.0
БЭК1811,eds_python_2020_69,50.0,50.0,40.0,10.0,1.0,1.0,1.0,0.0,1.0,1.0,5.0,1.0,8.333333332999999,10.0,10.0,13.0,,,12.0,,45.0,4.5,3.233333333,3.0
БЭК1811,eds_python_2020_70,50.0,50.0,40.0,10.0,1.0,1.0,1.0,1.0,0.0,1.0,5.0,2.0,8.333333332999999,8.0,10.0,20.0,,8.0,,,46.0,4.6,3.253333333,3.0
БЭК1811,eds_python_2020_71,50.0,50.0,40.0,10.0,1.0,1.0,1.0,1.0,1.0,1.0,6.0,1.0,10.0,10.0,10.0,9.0,0.0,4.0,12.0,0.0,45.0,4.5,3.4,3.0
БЭК1811,eds_python_2020_72,49.0,49.0,40.0,10.0,1.0,1.0,,,1.0,,3.0,1.0,5.0,9.0,10.0,16.0,,,8.0,,43.0,4.3,2.86,3.0
БЭК1811,eds_python_2020_73,50.0,50.0,40.0,10.0,1.0,1.0,1.0,1.0,1.0,1.0,6.0,2.0,10.0,10.0,10.0,20.0,0.0,0.0,,,40.0,4.0,3.3,3.0
БЭК1811,eds_python_2020_74,50.0,50.0,40.0,10.0,1.0,1.0,1.0,1.0,1.0,1.0,6.0,2.0,10.0,10.0,10.0,20.0,30.0,6.0,2.0,0.0,78.0,7.8,4.06,4.0
БЭК1811,eds_python_2020_75,50.0,50.0,39.0,10.0,1.0,1.0,1.0,1.0,1.0,1.0,6.0,1.0,10.0,10.0,10.0,20.0,30.0,4.0,28.0,0.0,102.0,10.2,4.54,5.0
БЭК1811,eds_python_2020_76,50.0,50.0,40.0,10.0,1.0,1.0,1.0,0.0,1.0,1.0,5.0,3.0,0.0,10.0,10.0,20.0,8.0,,12.0,,60.0,6.0,2.7,3.0
БЭК1811,eds_python_2020_77,50.0,50.0,40.0,10.0,1.0,1.0,1.0,1.0,1.0,1.0,6.0,3.0,0.0,,10.0,20.0,25.0,,0.0,,55.0,5.5,2.6,3.0
БЭК1811,eds_python_2020_78,50.0,50.0,40.0,10.0,1.0,1.0,1.0,1.0,1.0,1.0,6.0,1.0,10.0,9.0,10.0,7.0,,2.0,12.0,,40.0,4.0,3.3,3.0
БЭК1811,eds_python_2020_79,,,,,,,,,,,,,0.0,,,,,,,,0.0,0.0,,
БЭК1811,eds_python_2020_80,50.0,50.0,40.0,10.0,1.0,1.0,1.0,0.0,1.0,1.0,5.0,0.0,8.333333332999999,1.0,,20.0,,,,,21.0,2.1,2.753333333,3.0
БЭК1811,eds_python_2020_81,,,,,,,,,,,,,0.0,,,,,,,,0.0,0.0,,
БЭК1811,eds_python_2020_82,50.0,50.0,40.0,10.0,1.0,1.0,1.0,1.0,1.0,1.0,6.0,3.0,0.0,10.0,,20.0,12.0,20.0,12.0,,74.0,7.4,2.98,3.0
БЭК1811,eds_python_2020_83,50.0,50.0,40.0,10.0,1.0,1.0,1.0,1.0,1.0,1.0,6.0,2.0,10.0,,10.0,16.0,30.0,,14.0,0.0,70.0,7.0,3.9,4.0
БЭК1811,eds_python_2020_84,50.0,50.0,40.0,10.0,1.0,1.0,1.0,1.0,1.0,0.0,5.0,1.0,8.333333332999999,1.0,10.0,15.0,25.0,2.0,0.0,,53.0,5.3,3.393333333,3.0
БЭК1811,eds_python_2020_85,50.0,50.0,40.0,10.0,1.0,1.0,1.0,1.0,1.0,1.0,6.0,0.0,10.0,,10.0,0.0,,,0.0,,10.0,1.0,2.7,3.0
БЭК1811,eds_python_2020_86,50.0,50.0,40.0,10.0,1.0,1.0,1.0,1.0,1.0,1.0,6.0,0.0,10.0,10.0,10.0,20.0,,14.0,14.0,0.0,68.0,6.8,3.86,4.0
БЭК1811,eds_python_2020_87,50.0,50.0,36.0,10.0,,1.0,1.0,0.0,0.0,1.0,3.0,3.0,0.0,10.0,10.0,18.0,,2.0,,0.0,40.0,4.0,2.3,2.0
БЭК1812,eds_python_2020_88,,,,,,,,,,,,,0.0,,,,,,,,0.0,0.0,,
БЭК1812,eds_python_2020_89,50.0,50.0,40.0,10.0,1.0,1.0,1.0,0.0,1.0,1.0,5.0,0.0,8.333333332999999,10.0,10.0,20.0,30.0,14.0,12.0,,96.0,9.6,4.2533333330000005,4.0
БЭК1812,eds_python_2020_90,50.0,50.0,40.0,10.0,1.0,1.0,1.0,0.0,1.0,1.0,5.0,3.0,0.0,10.0,10.0,7.0,,,,,27.0,2.7,2.04,2.0
БЭК1812,eds_python_2020_91,50.0,50.0,36.0,10.0,0.0,1.0,1.0,0.0,1.0,1.0,4.0,3.0,0.0,10.0,10.0,20.0,30.0,,,,70.0,7.0,2.9,3.0
БЭК1812,eds_python_2020_92,50.0,50.0,40.0,10.0,1.0,1.0,1.0,1.0,1.0,1.0,6.0,3.0,0.0,10.0,10.0,20.0,,6.0,,,46.0,4.6,2.42,2.0
БЭК1812,eds_python_2020_93,50.0,50.0,40.0,10.0,1.0,1.0,1.0,1.0,1.0,1.0,6.0,1.0,10.0,0.0,10.0,0.0,30.0,,,,40.0,4.0,3.3,3.0
БЭК1812,eds_python_2020_94,30.0,30.0,0.0,3.0,,,,,,,,,0.0,,,,,,,,0.0,0.0,0.45,0.0
БЭК1812,eds_python_2020_95,50.0,50.0,40.0,10.0,1.0,1.0,1.0,1.0,1.0,1.0,6.0,1.0,10.0,2.0,10.0,15.0,,16.0,22.0,,65.0,6.5,3.8,4.0
БЭК1812,eds_python_2020_96,50.0,50.0,40.0,10.0,1.0,1.0,1.0,1.0,1.0,1.0,6.0,0.0,10.0,,10.0,20.0,30.0,20.0,30.0,10.0,120.0,12.0,4.9,5.0
БЭК1812,eds_python_2020_97,50.0,50.0,40.0,10.0,1.0,1.0,1.0,1.0,1.0,1.0,6.0,1.0,10.0,2.0,10.0,16.0,,16.0,12.0,,56.0,5.6,3.62,4.0
БЭК1812,eds_python_2020_98,50.0,50.0,40.0,10.0,1.0,1.0,1.0,1.0,1.0,1.0,6.0,1.0,10.0,10.0,10.0,20.0,30.0,6.0,14.0,0.0,90.0,9.0,4.3,4.0
БЭК1812,eds_python_2020_99,,,,,1.0,1.0,1.0,0.0,1.0,1.0,5.0,0.0,8.333333332999999,2.0,,,,,,,2.0,0.2,,
БЭК1812,eds_python_2020_100,50.0,50.0,40.0,10.0,0.0,1.0,1.0,0.0,1.0,1.0,4.0,4.0,0.0,10.0,10.0,20.0,30.0,,,,70.0,7.0,2.9,3.0
БЭК1812,eds_python_2020_101,10.0,10.0,0.0,1.0,0.0,,,,,,0.0,0.0,0.0,10.0,10.0,9.0,,,,,29.0,2.9,0.73,1.0
БЭК1812,eds_python_2020_102,50.0,50.0,40.0,10.0,1.0,1.0,1.0,1.0,1.0,1.0,6.0,1.0,10.0,10.0,10.0,15.0,,20.0,30.0,,85.0,8.5,4.2,4.0
БЭК1812,eds_python_2020_103,50.0,50.0,40.0,10.0,1.0,1.0,1.0,1.0,1.0,1.0,6.0,0.0,10.0,,10.0,15.0,25.0,20.0,30.0,,100.0,10.0,4.5,5.0
БЭК1812,eds_python_2020_104,50.0,50.0,40.0,10.0,1.0,1.0,1.0,1.0,1.0,1.0,6.0,0.0,10.0,10.0,10.0,20.0,,8.0,12.0,,60.0,6.0,3.7,4.0
БЭК1812,eds_python_2020_105,50.0,50.0,36.0,10.0,0.0,1.0,,,0.0,0.0,1.0,0.0,1.6666666669999999,3.0,0.0,0.0,,,,,3.0,0.3,1.726666667,2.0
БЭК1812,eds_python_2020_106,50.0,50.0,40.0,10.0,0.0,1.0,1.0,0.0,1.0,0.0,3.0,0.0,5.0,10.0,10.0,15.0,30.0,,30.0,,95.0,9.5,3.9,4.0
БЭК1812,eds_python_2020_107,50.0,50.0,40.0,10.0,1.0,1.0,1.0,1.0,1.0,1.0,6.0,0.0,10.0,,0.0,4.0,,,0.0,0.0,4.0,0.4,2.58,3.0
БЭК1812,eds_python_2020_108,,,,,1.0,1.0,1.0,0.0,1.0,1.0,5.0,1.0,8.333333332999999,0.0,10.0,20.0,0.0,,,,30.0,3.0,,
БЭК1812,eds_python_2020_109,50.0,50.0,40.0,10.0,1.0,1.0,1.0,1.0,1.0,1.0,6.0,2.0,10.0,2.0,10.0,9.0,,16.0,12.0,0.0,49.0,4.9,3.48,3.0
БЭК1812,eds_python_2020_110,50.0,50.0,40.0,10.0,1.0,1.0,1.0,0.0,1.0,1.0,5.0,1.0,8.333333332999999,10.0,10.0,18.0,,0.0,30.0,0.0,68.0,6.8,3.693333333,4.0
БЭК1812,eds_python_2020_111,50.0,50.0,40.0,10.0,1.0,1.0,1.0,1.0,1.0,1.0,6.0,1.0,10.0,0.0,,20.0,0.0,0.0,0.0,,20.0,2.0,2.9,3.0
БЭК1812,eds_python_2020_112,,,,,,,,,,,,,0.0,,,,,,,,0.0,0.0,,
БЭК1812,eds_python_2020_113,,,,,1.0,1.0,0.0,0.0,1.0,1.0,4.0,0.0,6.666666667,10.0,10.0,0.0,0.0,20.0,12.0,,52.0,5.2,,
БЭК1812,eds_python_2020_114,,,,,,,,,,,,,0.0,,,,,,,,0.0,0.0,,
БЭК1813,eds_python_2020_115,,,,10.0,0.0,1.0,0.0,,1.0,1.0,3.0,3.0,0.0,10.0,10.0,,30.0,,,,50.0,5.0,2.5,3.0
БЭК1813,eds_python_2020_116,50.0,50.0,40.0,10.0,1.0,1.0,1.0,1.0,1.0,1.0,6.0,1.0,10.0,,10.0,10.0,0.0,20.0,18.0,,58.0,5.8,3.66,4.0
БЭК1813,eds_python_2020_117,0.0,50.0,24.0,7.0,1.0,1.0,1.0,1.0,1.0,1.0,6.0,1.0,10.0,,10.0,20.0,30.0,20.0,30.0,,110.0,11.0,4.25,4.0
БЭК1813,eds_python_2020_118,20.0,44.0,40.0,8.0,0.0,1.0,1.0,1.0,1.0,1.0,5.0,1.0,8.333333332999999,10.0,10.0,13.0,,4.0,12.0,0.0,49.0,4.9,3.0133333330000003,3.0
БЭК1813,eds_python_2020_119,,,,,,,,,,,,,0.0,,,,,,,,0.0,0.0,,
БЭК1813,eds_python_2020_120,0.0,0.0,0.0,10.0,1.0,1.0,1.0,0.0,1.0,1.0,5.0,2.0,8.333333332999999,1.0,10.0,6.0,,,,,17.0,1.7,2.673333333,3.0
БЭК1813,eds_python_2020_121,50.0,50.0,40.0,10.0,1.0,1.0,1.0,0.0,1.0,1.0,5.0,0.0,8.333333332999999,10.0,10.0,20.0,30.0,6.0,,,76.0,7.6,3.853333333,4.0
БЭК1813,eds_python_2020_122,50.0,50.0,40.0,10.0,0.0,1.0,1.0,0.0,1.0,1.0,4.0,1.0,6.666666667,10.0,10.0,13.0,25.0,4.0,30.0,,92.0,9.2,4.006666667,4.0
БЭК1813,eds_python_2020_123,50.0,50.0,40.0,10.0,1.0,1.0,1.0,1.0,1.0,1.0,6.0,1.0,10.0,10.0,10.0,0.0,30.0,,26.0,10.0,86.0,8.6,4.22,4.0
БЭК1813,eds_python_2020_124,,,,10.0,0.0,1.0,0.0,0.0,0.0,1.0,2.0,2.0,3.333333333,10.0,10.0,4.0,,4.0,12.0,,40.0,4.0,2.633333333,3.0
БЭК1813,eds_python_2020_125,50.0,50.0,40.0,10.0,1.0,1.0,1.0,1.0,1.0,1.0,6.0,1.0,10.0,2.0,10.0,18.0,,4.0,10.0,,44.0,4.4,3.38,3.0
БЭК1813,eds_python_2020_126,50.0,50.0,39.0,10.0,1.0,1.0,1.0,1.0,1.0,1.0,6.0,6.0,0.0,8.0,10.0,20.0,30.0,,30.0,,98.0,9.8,3.46,3.0
БЭК1813,eds_python_2020_127,50.0,50.0,39.0,10.0,1.0,1.0,1.0,0.0,1.0,1.0,5.0,0.0,8.333333332999999,,,,,,,,0.0,0.0,2.333333333,2.0
БЭК1813,eds_python_2020_128,50.0,50.0,40.0,10.0,1.0,1.0,1.0,0.0,1.0,1.0,5.0,2.0,8.333333332999999,,10.0,18.0,25.0,16.0,12.0,,81.0,8.1,3.9533333330000002,4.0
БЭК1813,eds_python_2020_129,,,,,0.0,,,,,0.0,0.0,0.0,0.0,0.0,10.0,,30.0,,,,40.0,4.0,,
БЭК1813,eds_python_2020_130,36.0,50.0,40.0,8.0,1.0,1.0,0.0,0.0,1.0,1.0,4.0,0.0,6.666666667,10.0,0.0,,,,,,10.0,1.0,2.066666667,2.0
БЭК1813,eds_python_2020_131,30.0,50.0,40.0,8.0,1.0,1.0,1.0,1.0,1.0,1.0,6.0,0.0,10.0,10.0,10.0,20.0,,16.0,12.0,,68.0,6.8,3.56,4.0
БЭК1813,eds_python_2020_132,,,,,0.0,1.0,0.0,,,1.0,2.0,2.0,3.333333333,10.0,10.0,18.0,30.0,16.0,,,84.0,8.4,,
БЭК1813,eds_python_2020_133,50.0,50.0,40.0,10.0,0.0,1.0,0.0,0.0,0.0,1.0,2.0,0.0,3.333333333,10.0,8.0,0.0,,,0.0,,18.0,1.8,2.193333333,2.0
БЭК1813,eds_python_2020_134,50.0,50.0,40.0,10.0,1.0,1.0,1.0,1.0,1.0,1.0,6.0,6.0,0.0,,,20.0,,14.0,,,34.0,3.4,2.18,2.0
БЭК1813,eds_python_2020_135,,,,,0.0,1.0,1.0,1.0,1.0,1.0,5.0,0.0,8.333333332999999,10.0,10.0,20.0,0.0,20.0,30.0,,90.0,9.0,,
БЭК1813,eds_python_2020_136,50.0,50.0,0.0,6.0,1.0,1.0,1.0,1.0,1.0,1.0,6.0,4.0,0.0,10.0,10.0,20.0,,,12.0,,52.0,5.2,1.94,2.0
БЭК1813,eds_python_2020_137,50.0,50.0,40.0,10.0,0.0,1.0,1.0,1.0,1.0,1.0,5.0,1.0,8.333333332999999,10.0,10.0,20.0,30.0,20.0,30.0,5.0,125.0,12.5,4.833333333,5.0
БЭК1813,eds_python_2020_138,,,,,,,,,,1.0,1.0,1.0,1.6666666669999999,0.0,,,,,,,0.0,0.0,,
БЭК1813,eds_python_2020_139,50.0,50.0,39.0,10.0,1.0,1.0,1.0,1.0,1.0,1.0,6.0,6.0,0.0,9.0,10.0,20.0,30.0,,30.0,,99.0,9.9,3.48,3.0
БЭК1813,eds_python_2020_140,50.0,50.0,40.0,10.0,1.0,1.0,1.0,0.0,1.0,1.0,5.0,0.0,8.333333332999999,10.0,10.0,20.0,,16.0,14.0,,70.0,7.0,3.733333333,4.0
БЭК1813,eds_python_2020_141,50.0,50.0,40.0,10.0,1.0,1.0,1.0,1.0,1.0,1.0,6.0,2.0,10.0,10.0,7.0,20.0,,,12.0,,49.0,4.9,3.48,3.0
БЭК1813,eds_python_2020_142,50.0,50.0,40.0,10.0,1.0,1.0,1.0,1.0,1.0,1.0,6.0,5.0,0.0,0.0,10.0,20.0,30.0,20.0,30.0,,110.0,11.0,3.7,4.0
БЭК1813,eds_python_2020_143,,,,,0.0,1.0,0.0,,,1.0,2.0,2.0,3.333333333,10.0,10.0,,30.0,16.0,,0.0,66.0,6.6,,
БЭК1814,eds_python_2020_144,49.0,50.0,40.0,10.0,1.0,1.0,1.0,1.0,1.0,1.0,6.0,3.0,0.0,0.0,10.0,20.0,30.0,,12.0,,72.0,7.2,2.94,3.0
БЭК1814,eds_python_2020_145,,,,,,,,,,,,,0.0,,,,,,,,0.0,0.0,,
БЭК1814,eds_python_2020_146,50.0,50.0,40.0,10.0,,1.0,1.0,0.0,1.0,1.0,4.0,1.0,6.666666667,10.0,0.0,18.0,,20.0,,,48.0,4.8,3.126666667,3.0
БЭК1814,eds_python_2020_398,,,,,0.0,1.0,1.0,,1.0,1.0,4.0,1.0,6.666666667,9.0,10.0,15.0,25.0,2.0,12.0,,73.0,7.3,,
БЭК1814,eds_python_2020_147,50.0,50.0,40.0,10.0,1.0,1.0,,1.0,1.0,1.0,5.0,1.0,8.333333332999999,10.0,10.0,3.0,,,,,23.0,2.3,2.793333333,3.0
БЭК1814,eds_python_2020_148,50.0,50.0,40.0,10.0,,1.0,1.0,1.0,1.0,1.0,5.0,2.0,8.333333332999999,10.0,,20.0,,,0.0,,30.0,3.0,2.933333333,3.0
БЭК1814,eds_python_2020_399,,,,10.0,1.0,1.0,1.0,1.0,1.0,1.0,6.0,1.0,10.0,0.0,10.0,,0.0,,18.0,5.0,33.0,3.3,3.16,
БЭК1814,eds_python_2020_149,50.0,50.0,40.0,10.0,0.0,1.0,1.0,0.0,1.0,0.0,3.0,0.0,5.0,1.0,10.0,12.0,8.0,4.0,12.0,,47.0,4.7,2.94,3.0
БЭК1814,eds_python_2020_150,,,,,0.0,1.0,0.0,0.0,0.0,1.0,2.0,2.0,3.333333333,10.0,,20.0,,,,,30.0,3.0,,
БЭК1814,eds_python_2020_151,50.0,50.0,40.0,10.0,1.0,1.0,1.0,1.0,1.0,1.0,6.0,1.0,10.0,9.0,0.0,7.0,0.0,,14.0,,30.0,3.0,3.1,3.0
БЭК1814,eds_python_2020_152,50.0,50.0,40.0,10.0,1.0,1.0,1.0,1.0,1.0,1.0,6.0,3.0,0.0,10.0,10.0,15.0,0.0,20.0,14.0,0.0,69.0,6.9,2.88,3.0
БЭК1814,eds_python_2020_153,47.0,47.0,40.0,10.0,,1.0,,,1.0,0.0,2.0,0.0,3.333333333,10.0,10.0,9.0,,,,,29.0,2.9,2.413333333,2.0
БЭК1814,eds_python_2020_154,,,,,1.0,1.0,,0.0,1.0,1.0,4.0,0.0,6.666666667,2.0,10.0,15.0,0.0,,12.0,,39.0,3.9,,
БЭК1814,eds_python_2020_155,50.0,50.0,40.0,10.0,1.0,1.0,1.0,1.0,1.0,1.0,6.0,2.0,10.0,10.0,10.0,20.0,30.0,2.0,,,72.0,7.2,3.94,4.0
БЭК1814,eds_python_2020_156,50.0,50.0,40.0,10.0,1.0,1.0,1.0,0.0,1.0,1.0,5.0,4.0,0.0,8.0,10.0,4.0,,,0.0,,22.0,2.2,1.94,2.0
БЭК182,eds_python_2020_157,50.0,50.0,40.0,10.0,1.0,1.0,1.0,1.0,1.0,1.0,6.0,0.0,10.0,10.0,10.0,20.0,30.0,16.0,14.0,,100.0,10.0,4.5,5.0
БЭК182,eds_python_2020_158,,,,,,,,,,,,,0.0,,,,,,,,0.0,0.0,,
БЭК182,eds_python_2020_159,50.0,50.0,40.0,10.0,1.0,1.0,1.0,1.0,1.0,1.0,6.0,1.0,10.0,10.0,10.0,20.0,,20.0,30.0,,90.0,9.0,4.3,4.0
БЭК182,eds_python_2020_160,50.0,50.0,40.0,10.0,1.0,1.0,1.0,1.0,1.0,1.0,6.0,2.0,10.0,10.0,10.0,20.0,0.0,4.0,0.0,,44.0,4.4,3.38,3.0
БЭК182,eds_python_2020_161,50.0,50.0,40.0,10.0,1.0,1.0,1.0,1.0,1.0,1.0,6.0,1.0,10.0,10.0,10.0,20.0,0.0,2.0,,,42.0,4.2,3.34,3.0
БЭК182,eds_python_2020_162,50.0,50.0,40.0,10.0,1.0,1.0,1.0,1.0,1.0,1.0,6.0,2.0,10.0,10.0,10.0,20.0,30.0,20.0,0.0,,90.0,9.0,4.3,4.0
БЭК182,eds_python_2020_163,50.0,50.0,40.0,10.0,1.0,1.0,1.0,1.0,1.0,1.0,6.0,2.0,10.0,10.0,10.0,20.0,30.0,16.0,28.0,,114.0,11.4,4.78,5.0
БЭК182,eds_python_2020_164,50.0,50.0,40.0,10.0,1.0,1.0,1.0,1.0,1.0,1.0,6.0,1.0,10.0,1.0,10.0,,,4.0,26.0,10.0,51.0,5.1,3.52,4.0
БЭК182,eds_python_2020_165,,,,,,,,,,,,,0.0,,,,,,,,0.0,0.0,,
БЭК182,eds_python_2020_166,50.0,50.0,40.0,10.0,1.0,1.0,1.0,1.0,1.0,1.0,6.0,1.0,10.0,,10.0,20.0,30.0,20.0,30.0,0.0,110.0,11.0,4.7,5.0
БЭК182,eds_python_2020_167,43.0,43.0,37.0,9.0,,,,,,,,,0.0,,,,,,,,0.0,0.0,1.35,1.0
БЭК182,eds_python_2020_168,50.0,50.0,40.0,10.0,1.0,1.0,1.0,1.0,1.0,1.0,6.0,0.0,10.0,8.0,10.0,15.0,,16.0,12.0,,61.0,6.1,3.72,4.0
БЭК182,eds_python_2020_169,50.0,50.0,40.0,10.0,1.0,1.0,1.0,1.0,1.0,1.0,6.0,1.0,10.0,2.0,10.0,20.0,,4.0,12.0,,48.0,4.8,3.46,3.0
БЭК182,eds_python_2020_170,50.0,50.0,40.0,10.0,1.0,1.0,1.0,1.0,1.0,1.0,6.0,2.0,10.0,1.0,10.0,20.0,0.0,,12.0,,43.0,4.3,3.36,3.0
БЭК182,eds_python_2020_171,50.0,50.0,40.0,10.0,1.0,1.0,1.0,1.0,1.0,1.0,6.0,3.0,0.0,6.0,10.0,20.0,0.0,12.0,,,48.0,4.8,2.46,2.0
БЭК182,eds_python_2020_172,47.0,47.0,40.0,10.0,1.0,1.0,1.0,1.0,1.0,1.0,6.0,6.0,0.0,,,,,,,,0.0,0.0,1.5,2.0
БЭК182,eds_python_2020_173,0.0,50.0,40.0,8.0,,,,,,,,,0.0,,,,,,,,0.0,0.0,1.2,1.0
БЭК182,eds_python_2020_174,50.0,50.0,40.0,10.0,1.0,1.0,1.0,1.0,1.0,1.0,6.0,4.0,0.0,10.0,10.0,7.0,8.0,,12.0,,47.0,4.7,2.44,2.0
БЭК182,eds_python_2020_175,50.0,50.0,40.0,10.0,0.0,1.0,1.0,0.0,0.0,1.0,3.0,3.0,0.0,1.0,8.0,,,,,,9.0,0.9,1.68,2.0
БЭК182,eds_python_2020_176,50.0,50.0,40.0,10.0,1.0,1.0,1.0,1.0,1.0,1.0,6.0,2.0,10.0,10.0,10.0,16.0,,4.0,12.0,,52.0,5.2,3.54,4.0
БЭК182,eds_python_2020_177,50.0,50.0,40.0,10.0,1.0,1.0,1.0,1.0,1.0,1.0,6.0,0.0,10.0,1.0,10.0,16.0,,6.0,12.0,,45.0,4.5,3.4,3.0
БЭК182,eds_python_2020_178,50.0,50.0,40.0,10.0,1.0,1.0,1.0,1.0,1.0,1.0,6.0,1.0,10.0,1.0,0.0,20.0,,,12.0,,33.0,3.3,3.16,3.0
БЭК182,eds_python_2020_179,50.0,50.0,40.0,10.0,1.0,1.0,1.0,1.0,1.0,1.0,6.0,1.0,10.0,1.0,10.0,20.0,30.0,20.0,30.0,0.0,111.0,11.1,4.72,5.0
БЭК182,eds_python_2020_180,50.0,50.0,40.0,10.0,1.0,1.0,1.0,1.0,1.0,1.0,6.0,1.0,10.0,10.0,10.0,20.0,30.0,20.0,12.0,,102.0,10.2,4.54,5.0
БЭК182,eds_python_2020_181,50.0,50.0,40.0,10.0,1.0,1.0,1.0,1.0,1.0,1.0,6.0,0.0,10.0,10.0,10.0,20.0,0.0,,12.0,,52.0,5.2,3.54,4.0
БЭК182,eds_python_2020_182,13.0,19.0,0.0,1.0,,,,,,,,,0.0,,,,,,,,0.0,0.0,0.15,0.0
БЭК182,eds_python_2020_183,,,,,,,,,,,,,0.0,10.0,,20.0,30.0,,,,60.0,6.0,,
БЭК182,eds_python_2020_184,50.0,50.0,40.0,10.0,1.0,1.0,1.0,1.0,1.0,1.0,6.0,0.0,10.0,10.0,10.0,20.0,30.0,,30.0,,100.0,10.0,4.5,5.0
БЭК182,eds_python_2020_185,50.0,50.0,40.0,10.0,1.0,1.0,1.0,1.0,1.0,1.0,6.0,2.0,10.0,10.0,10.0,16.0,21.0,16.0,14.0,,87.0,8.7,4.24,4.0
БЭК182,eds_python_2020_186,50.0,50.0,40.0,10.0,1.0,1.0,1.0,1.0,1.0,1.0,6.0,2.0,10.0,10.0,10.0,20.0,0.0,16.0,12.0,0.0,68.0,6.8,3.86,4.0
БЭК183,eds_python_2020_187,50.0,50.0,40.0,10.0,1.0,1.0,1.0,1.0,1.0,1.0,6.0,0.0,10.0,10.0,10.0,20.0,,20.0,30.0,0.0,90.0,9.0,4.3,4.0
БЭК183,eds_python_2020_188,50.0,50.0,40.0,10.0,1.0,1.0,1.0,1.0,1.0,1.0,6.0,0.0,10.0,10.0,,0.0,,0.0,,,10.0,1.0,2.7,3.0
БЭК183,eds_python_2020_189,22.0,50.0,40.0,8.0,1.0,1.0,1.0,1.0,1.0,1.0,6.0,1.0,10.0,10.0,8.0,20.0,,16.0,30.0,,84.0,8.4,3.88,4.0
БЭК183,eds_python_2020_190,50.0,50.0,40.0,10.0,0.0,1.0,0.0,0.0,1.0,0.0,2.0,0.0,3.333333333,9.0,10.0,9.0,,4.0,12.0,,44.0,4.4,2.713333333,3.0
БЭК183,eds_python_2020_191,49.0,50.0,40.0,10.0,1.0,1.0,1.0,1.0,1.0,1.0,6.0,2.0,10.0,10.0,10.0,20.0,30.0,20.0,30.0,,120.0,12.0,4.9,5.0
БЭК183,eds_python_2020_192,50.0,50.0,40.0,10.0,1.0,1.0,1.0,1.0,1.0,1.0,6.0,0.0,10.0,10.0,10.0,15.0,30.0,0.0,30.0,,95.0,9.5,4.4,4.0
БЭК183,eds_python_2020_193,50.0,50.0,40.0,10.0,1.0,1.0,1.0,1.0,1.0,1.0,6.0,0.0,10.0,10.0,10.0,18.0,30.0,20.0,8.0,,96.0,9.6,4.42,4.0
БЭК183,eds_python_2020_194,,,,,,,,,,,,,0.0,,,,,,,,0.0,0.0,,
БЭК183,eds_python_2020_195,0.0,0.0,0.0,0.0,0.0,0.0,,,0.0,,0.0,0.0,0.0,10.0,8.0,,,,30.0,,48.0,4.8,0.96,1.0
БЭК183,eds_python_2020_196,50.0,50.0,40.0,10.0,1.0,1.0,1.0,1.0,1.0,1.0,6.0,0.0,10.0,9.0,10.0,6.0,,4.0,12.0,,41.0,4.1,3.32,3.0
БЭК183,eds_python_2020_197,50.0,50.0,40.0,10.0,1.0,1.0,1.0,1.0,1.0,1.0,6.0,0.0,10.0,10.0,10.0,9.0,,4.0,12.0,,45.0,4.5,3.4,3.0
БЭК183,eds_python_2020_198,50.0,50.0,40.0,10.0,1.0,1.0,1.0,1.0,1.0,1.0,6.0,0.0,10.0,10.0,10.0,18.0,,20.0,14.0,,72.0,7.2,3.94,4.0
БЭК183,eds_python_2020_199,50.0,50.0,40.0,10.0,1.0,1.0,1.0,0.0,1.0,1.0,5.0,2.0,8.333333332999999,10.0,,12.0,30.0,,,,52.0,5.2,3.373333333,3.0
БЭК183,eds_python_2020_200,50.0,50.0,40.0,10.0,1.0,1.0,1.0,1.0,1.0,1.0,6.0,2.0,10.0,10.0,10.0,20.0,30.0,20.0,30.0,,120.0,12.0,4.9,5.0
БЭК183,eds_python_2020_201,50.0,50.0,40.0,10.0,1.0,1.0,0.0,,1.0,0.0,3.0,0.0,5.0,,,15.0,0.0,14.0,12.0,,41.0,4.1,2.82,3.0
БЭК183,eds_python_2020_202,50.0,50.0,40.0,10.0,1.0,1.0,1.0,1.0,1.0,1.0,6.0,3.0,0.0,10.0,0.0,20.0,,,0.0,,30.0,3.0,2.1,2.0
БЭК183,eds_python_2020_203,50.0,50.0,40.0,10.0,1.0,1.0,1.0,1.0,1.0,1.0,6.0,6.0,0.0,10.0,10.0,10.0,,0.0,12.0,,42.0,4.2,2.34,2.0
БЭК183,eds_python_2020_204,50.0,50.0,40.0,10.0,1.0,1.0,1.0,1.0,1.0,1.0,6.0,2.0,10.0,,,,30.0,,,,30.0,3.0,3.1,3.0
БЭК183,eds_python_2020_205,43.0,43.0,40.0,9.0,1.0,1.0,1.0,1.0,1.0,1.0,6.0,6.0,0.0,10.0,10.0,20.0,,,30.0,,70.0,7.0,2.75,3.0
БЭК183,eds_python_2020_206,50.0,50.0,40.0,10.0,1.0,1.0,1.0,1.0,1.0,1.0,6.0,0.0,10.0,10.0,10.0,20.0,30.0,16.0,12.0,,98.0,9.8,4.46,4.0
БЭК183,eds_python_2020_207,50.0,50.0,40.0,10.0,1.0,1.0,0.0,0.0,1.0,1.0,4.0,0.0,6.666666667,2.0,10.0,15.0,30.0,4.0,12.0,,73.0,7.3,3.626666667,4.0
БЭК183,eds_python_2020_208,50.0,50.0,40.0,10.0,1.0,1.0,1.0,0.0,1.0,1.0,5.0,1.0,8.333333332999999,10.0,10.0,10.0,,10.0,12.0,,52.0,5.2,3.373333333,3.0
БЭК183,eds_python_2020_209,50.0,50.0,40.0,10.0,1.0,1.0,1.0,1.0,1.0,1.0,6.0,1.0,10.0,10.0,10.0,7.0,30.0,4.0,26.0,0.0,87.0,8.7,4.24,4.0
БЭК183,eds_python_2020_210,50.0,50.0,40.0,10.0,1.0,1.0,1.0,0.0,1.0,1.0,5.0,0.0,8.333333332999999,,10.0,20.0,30.0,16.0,12.0,,88.0,8.8,4.093333333,4.0
БЭК183,eds_python_2020_211,50.0,50.0,40.0,10.0,1.0,1.0,1.0,1.0,1.0,1.0,6.0,0.0,10.0,10.0,10.0,20.0,,10.0,12.0,,62.0,6.2,3.74,4.0
БЭК183,eds_python_2020_212,50.0,50.0,40.0,10.0,1.0,1.0,1.0,1.0,1.0,1.0,6.0,3.0,0.0,10.0,10.0,20.0,17.0,20.0,30.0,,107.0,10.7,3.64,4.0
БЭК183,eds_python_2020_213,50.0,50.0,40.0,10.0,1.0,1.0,1.0,1.0,1.0,1.0,6.0,6.0,0.0,10.0,10.0,20.0,30.0,16.0,12.0,,98.0,9.8,3.46,3.0
БЭК183,eds_python_2020_214,50.0,50.0,40.0,10.0,1.0,1.0,1.0,1.0,1.0,1.0,6.0,0.0,10.0,10.0,10.0,18.0,30.0,6.0,20.0,0.0,94.0,9.4,4.38,4.0
БЭК183,eds_python_2020_215,50.0,50.0,40.0,10.0,1.0,1.0,1.0,1.0,1.0,1.0,6.0,0.0,10.0,0.0,10.0,10.0,,,,,20.0,2.0,2.9,3.0
БЭК183,eds_python_2020_216,,,,,,,,,,,,,0.0,,,,,,,,0.0,0.0,,
БЭК184,eds_python_2020_217,50.0,50.0,40.0,10.0,0.0,1.0,1.0,0.0,1.0,1.0,4.0,2.0,6.666666667,10.0,,0.0,0.0,,8.0,,18.0,1.8,2.5266666669999998,3.0
БЭК184,eds_python_2020_218,50.0,50.0,40.0,10.0,1.0,1.0,1.0,1.0,1.0,1.0,6.0,1.0,10.0,,0.0,15.0,30.0,20.0,30.0,,95.0,9.5,4.4,4.0
БЭК184,eds_python_2020_219,50.0,50.0,40.0,10.0,1.0,1.0,1.0,1.0,1.0,1.0,6.0,0.0,10.0,10.0,10.0,20.0,,,,,40.0,4.0,3.3,3.0
БЭК184,eds_python_2020_220,50.0,50.0,40.0,10.0,1.0,1.0,1.0,1.0,1.0,1.0,6.0,0.0,10.0,10.0,10.0,20.0,30.0,16.0,14.0,,100.0,10.0,4.5,5.0
БЭК184,eds_python_2020_221,,,,,,,,,,,,,0.0,,,,,,,,0.0,0.0,,
БЭК184,eds_python_2020_222,50.0,50.0,40.0,10.0,1.0,1.0,1.0,0.0,1.0,1.0,5.0,1.0,8.333333332999999,,10.0,20.0,30.0,,12.0,,72.0,7.2,3.773333333,4.0
БЭК184,eds_python_2020_223,50.0,50.0,40.0,10.0,1.0,1.0,1.0,1.0,1.0,1.0,6.0,5.0,0.0,,10.0,20.0,0.0,6.0,30.0,,66.0,6.6,2.82,3.0
БЭК184,eds_python_2020_224,34.0,50.0,40.0,8.0,1.0,1.0,1.0,1.0,1.0,1.0,6.0,1.0,10.0,,10.0,20.0,,16.0,8.0,,54.0,5.4,3.28,3.0
БЭК184,eds_python_2020_225,50.0,50.0,40.0,10.0,1.0,1.0,1.0,,0.0,1.0,4.0,1.0,6.666666667,,10.0,7.0,,,,,17.0,1.7,2.5066666669999997,3.0
БЭК184,eds_python_2020_226,50.0,50.0,40.0,10.0,1.0,1.0,1.0,1.0,1.0,1.0,6.0,1.0,10.0,,0.0,0.0,30.0,20.0,30.0,,80.0,8.0,4.1,4.0
БЭК184,eds_python_2020_227,50.0,50.0,40.0,10.0,1.0,1.0,1.0,1.0,1.0,1.0,6.0,0.0,10.0,10.0,0.0,20.0,30.0,20.0,12.0,5.0,97.0,9.7,4.44,4.0
БЭК184,eds_python_2020_228,50.0,50.0,40.0,10.0,1.0,1.0,1.0,1.0,1.0,1.0,6.0,0.0,10.0,10.0,10.0,10.0,25.0,,14.0,,69.0,6.9,3.88,4.0
БЭК184,eds_python_2020_229,50.0,50.0,40.0,10.0,1.0,1.0,1.0,1.0,1.0,1.0,6.0,1.0,10.0,7.0,10.0,12.0,,,6.0,,35.0,3.5,3.2,3.0
БЭК184,eds_python_2020_230,,,,,,,,,,,,,0.0,10.0,,,,,,0.0,10.0,1.0,,
БЭК184,eds_python_2020_231,50.0,50.0,40.0,10.0,1.0,1.0,1.0,1.0,1.0,0.0,5.0,3.0,0.0,1.0,7.0,12.0,25.0,4.0,12.0,,61.0,6.1,2.72,3.0
БЭК184,eds_python_2020_232,49.0,49.0,40.0,10.0,0.0,1.0,0.0,,,1.0,2.0,2.0,3.333333333,10.0,10.0,20.0,,4.0,,,44.0,4.4,2.713333333,3.0
БЭК184,eds_python_2020_233,,,,,,,,,,,,,0.0,10.0,10.0,20.0,,20.0,30.0,0.0,90.0,9.0,,
БЭК184,eds_python_2020_234,,,,,,,,,,,,,0.0,,,,,,,,0.0,0.0,,
БЭК184,eds_python_2020_235,50.0,50.0,40.0,10.0,1.0,1.0,1.0,1.0,1.0,1.0,6.0,1.0,10.0,2.0,10.0,6.0,,,12.0,,30.0,3.0,3.1,3.0
БЭК184,eds_python_2020_236,49.0,49.0,40.0,10.0,1.0,1.0,1.0,1.0,1.0,1.0,6.0,0.0,10.0,10.0,10.0,20.0,30.0,16.0,12.0,0.0,98.0,9.8,4.46,4.0
БЭК184,eds_python_2020_237,50.0,50.0,40.0,10.0,0.0,1.0,0.0,0.0,1.0,0.0,2.0,0.0,3.333333333,10.0,10.0,12.0,,4.0,12.0,,48.0,4.8,2.793333333,3.0
БЭК184,eds_python_2020_238,50.0,50.0,40.0,10.0,1.0,1.0,1.0,1.0,1.0,1.0,6.0,1.0,10.0,10.0,10.0,20.0,30.0,20.0,30.0,,120.0,12.0,4.9,5.0
БЭК184,eds_python_2020_239,50.0,50.0,40.0,10.0,1.0,1.0,1.0,1.0,1.0,1.0,6.0,5.0,0.0,10.0,8.0,12.0,30.0,0.0,,,60.0,6.0,2.7,3.0
БЭК184,eds_python_2020_240,50.0,50.0,40.0,10.0,1.0,1.0,1.0,1.0,1.0,1.0,6.0,1.0,10.0,,10.0,12.0,,2.0,30.0,,54.0,5.4,3.58,4.0
БЭК184,eds_python_2020_241,42.0,42.0,40.0,9.0,0.0,1.0,1.0,1.0,1.0,1.0,5.0,1.0,8.333333332999999,9.0,5.0,,,,0.0,,14.0,1.4,2.463333333,2.0
БЭК184,eds_python_2020_242,50.0,50.0,40.0,10.0,1.0,1.0,1.0,1.0,1.0,1.0,6.0,2.0,10.0,10.0,10.0,20.0,0.0,18.0,12.0,,70.0,7.0,3.9,4.0
БЭК184,eds_python_2020_243,50.0,50.0,36.0,10.0,1.0,1.0,0.0,,1.0,1.0,4.0,0.0,6.666666667,2.0,10.0,20.0,,0.0,0.0,,32.0,3.2,2.806666667,3.0
БЭК184,eds_python_2020_244,50.0,50.0,40.0,10.0,1.0,1.0,1.0,1.0,1.0,1.0,6.0,1.0,10.0,,10.0,18.0,,,14.0,,42.0,4.2,3.34,3.0
БЭК184,eds_python_2020_245,50.0,50.0,40.0,10.0,1.0,1.0,1.0,0.0,1.0,1.0,5.0,2.0,8.333333332999999,10.0,10.0,20.0,,4.0,0.0,,44.0,4.4,3.213333333,3.0
БЭК184,eds_python_2020_246,50.0,50.0,40.0,10.0,1.0,1.0,1.0,1.0,1.0,1.0,6.0,1.0,10.0,,10.0,9.0,0.0,,30.0,0.0,49.0,4.9,3.48,3.0
БЭК185,eds_python_2020_247,50.0,50.0,40.0,10.0,1.0,1.0,1.0,0.0,1.0,1.0,5.0,2.0,8.333333332999999,,10.0,0.0,,,12.0,,22.0,2.2,2.773333333,3.0
БЭК185,eds_python_2020_248,50.0,50.0,40.0,10.0,1.0,1.0,1.0,1.0,1.0,1.0,6.0,6.0,0.0,2.0,10.0,20.0,4.0,12.0,12.0,,60.0,6.0,2.7,3.0
БЭК185,eds_python_2020_249,50.0,50.0,36.0,10.0,1.0,1.0,1.0,0.0,1.0,1.0,5.0,0.0,8.333333332999999,10.0,10.0,20.0,,10.0,14.0,,64.0,6.4,3.613333333,4.0
БЭК185,eds_python_2020_250,50.0,50.0,17.0,7.0,1.0,1.0,1.0,1.0,1.0,1.0,6.0,2.0,10.0,1.0,10.0,20.0,30.0,16.0,12.0,,89.0,8.9,3.83,4.0
БЭК185,eds_python_2020_251,50.0,50.0,40.0,10.0,1.0,1.0,1.0,1.0,1.0,1.0,6.0,6.0,0.0,10.0,10.0,,,,26.0,,46.0,4.6,2.42,2.0
БЭК185,eds_python_2020_252,50.0,50.0,40.0,10.0,1.0,1.0,1.0,1.0,1.0,1.0,6.0,2.0,10.0,10.0,10.0,20.0,30.0,,0.0,,70.0,7.0,3.9,4.0
БЭК185,eds_python_2020_253,,,,,,,,,,,,,0.0,,,,,,,,0.0,0.0,,
БЭК185,eds_python_2020_254,50.0,50.0,40.0,10.0,1.0,1.0,1.0,1.0,1.0,1.0,6.0,1.0,10.0,10.0,10.0,9.0,,16.0,12.0,,57.0,5.7,3.64,4.0
БЭК185,eds_python_2020_255,50.0,50.0,39.0,10.0,1.0,1.0,1.0,1.0,1.0,1.0,6.0,6.0,0.0,10.0,10.0,13.0,25.0,,26.0,,84.0,8.4,3.18,3.0
БЭК185,eds_python_2020_256,50.0,50.0,40.0,10.0,1.0,1.0,1.0,1.0,1.0,1.0,6.0,4.0,0.0,,10.0,0.0,30.0,16.0,0.0,,56.0,5.6,2.62,3.0
БЭК185,eds_python_2020_257,50.0,50.0,40.0,10.0,1.0,1.0,1.0,1.0,1.0,1.0,6.0,1.0,10.0,1.0,10.0,20.0,,8.0,14.0,,53.0,5.3,3.56,4.0
БЭК185,eds_python_2020_258,50.0,50.0,40.0,10.0,1.0,1.0,1.0,,1.0,1.0,5.0,4.0,0.0,10.0,10.0,20.0,,16.0,12.0,,68.0,6.8,2.86,3.0
БЭК185,eds_python_2020_259,50.0,50.0,40.0,10.0,1.0,1.0,1.0,1.0,1.0,1.0,6.0,1.0,10.0,10.0,10.0,12.0,30.0,20.0,30.0,0.0,112.0,11.2,4.74,5.0
БЭК185,eds_python_2020_260,50.0,50.0,40.0,10.0,1.0,1.0,1.0,1.0,1.0,1.0,6.0,0.0,10.0,10.0,10.0,20.0,,10.0,12.0,0.0,62.0,6.2,3.74,4.0
БЭК185,eds_python_2020_261,50.0,50.0,40.0,10.0,0.0,1.0,1.0,0.0,1.0,1.0,4.0,2.0,6.666666667,0.0,10.0,0.0,,0.0,,,10.0,1.0,2.366666667,2.0
БЭК185,eds_python_2020_262,46.0,50.0,40.0,10.0,1.0,1.0,1.0,0.0,1.0,1.0,5.0,0.0,8.333333332999999,1.0,10.0,20.0,,16.0,12.0,0.0,59.0,5.9,3.5133333330000003,4.0
БЭК185,eds_python_2020_263,50.0,50.0,40.0,10.0,1.0,1.0,1.0,1.0,1.0,1.0,6.0,1.0,10.0,10.0,10.0,,0.0,2.0,0.0,,22.0,2.2,2.94,3.0
БЭК185,eds_python_2020_264,50.0,50.0,40.0,10.0,1.0,1.0,1.0,1.0,1.0,0.0,5.0,0.0,8.333333332999999,0.0,10.0,16.0,,2.0,16.0,,44.0,4.4,3.213333333,3.0
БЭК185,eds_python_2020_265,50.0,50.0,40.0,10.0,1.0,1.0,1.0,0.0,1.0,1.0,5.0,1.0,8.333333332999999,10.0,10.0,20.0,0.0,0.0,12.0,0.0,52.0,5.2,3.373333333,3.0
БЭК185,eds_python_2020_266,50.0,50.0,40.0,10.0,,1.0,,1.0,1.0,1.0,4.0,0.0,6.666666667,1.0,10.0,7.0,,4.0,,,22.0,2.2,2.606666667,3.0
БЭК185,eds_python_2020_267,50.0,50.0,40.0,10.0,1.0,1.0,1.0,1.0,1.0,1.0,6.0,2.0,10.0,0.0,10.0,16.0,0.0,,,,26.0,2.6,3.02,3.0
БЭК185,eds_python_2020_268,8.0,50.0,40.0,8.0,1.0,1.0,1.0,1.0,1.0,1.0,6.0,2.0,10.0,10.0,10.0,20.0,,20.0,12.0,,72.0,7.2,3.64,4.0
БЭК185,eds_python_2020_269,14.0,49.0,33.0,7.0,0.0,0.0,0.0,,,,0.0,0.0,0.0,0.0,,,,,,,0.0,0.0,1.05,1.0
БЭК185,eds_python_2020_270,50.0,50.0,40.0,10.0,1.0,1.0,1.0,1.0,1.0,1.0,6.0,2.0,10.0,,10.0,20.0,,4.0,12.0,0.0,46.0,4.6,3.42,3.0
БЭК185,eds_python_2020_271,50.0,50.0,40.0,10.0,1.0,1.0,1.0,1.0,1.0,1.0,6.0,3.0,0.0,0.0,10.0,16.0,21.0,4.0,12.0,,63.0,6.3,2.76,3.0
БЭК185,eds_python_2020_272,50.0,50.0,40.0,10.0,1.0,1.0,1.0,1.0,1.0,1.0,6.0,2.0,10.0,10.0,10.0,12.0,,6.0,6.0,,44.0,4.4,3.38,3.0
БЭК185,eds_python_2020_273,50.0,50.0,40.0,10.0,1.0,1.0,1.0,0.0,1.0,1.0,5.0,3.0,0.0,10.0,10.0,20.0,30.0,16.0,14.0,0.0,100.0,10.0,3.5,4.0
БЭК185,eds_python_2020_274,50.0,50.0,40.0,10.0,1.0,1.0,1.0,1.0,1.0,1.0,6.0,1.0,10.0,2.0,10.0,10.0,,0.0,,0.0,22.0,2.2,2.94,3.0
БЭК185,eds_python_2020_275,49.0,50.0,40.0,10.0,1.0,1.0,1.0,1.0,1.0,1.0,6.0,4.0,0.0,,,9.0,30.0,,14.0,,53.0,5.3,2.56,3.0
БЭК186,eds_python_2020_276,0.0,0.0,0.0,0.0,,,,,,,,,0.0,,,,,,,,0.0,0.0,0.0,0.0
БЭК186,eds_python_2020_277,42.0,42.0,39.0,9.0,,,,,,,,,0.0,,,,,,,,0.0,0.0,1.35,1.0
БЭК186,eds_python_2020_278,50.0,50.0,40.0,10.0,1.0,1.0,1.0,1.0,1.0,1.0,6.0,3.0,0.0,10.0,10.0,20.0,30.0,,12.0,,82.0,8.2,3.14,3.0
БЭК186,eds_python_2020_279,0.0,0.0,0.0,0.0,0.0,1.0,1.0,0.0,1.0,1.0,4.0,1.0,6.666666667,,,,,,,,0.0,0.0,0.6666666667,1.0
БЭК186,eds_python_2020_280,50.0,50.0,40.0,10.0,1.0,1.0,1.0,1.0,1.0,1.0,6.0,0.0,10.0,10.0,10.0,7.0,,20.0,12.0,,59.0,5.9,3.68,4.0
БЭК186,eds_python_2020_281,50.0,50.0,40.0,10.0,1.0,1.0,1.0,1.0,1.0,1.0,6.0,1.0,10.0,9.0,10.0,20.0,30.0,20.0,,,89.0,8.9,4.28,4.0
БЭК186,eds_python_2020_282,50.0,50.0,40.0,10.0,1.0,1.0,1.0,1.0,1.0,1.0,6.0,1.0,10.0,10.0,10.0,18.0,0.0,6.0,12.0,,56.0,5.6,3.62,4.0
БЭК186,eds_python_2020_283,0.0,8.0,0.0,1.0,,,,,,,,,0.0,,,,,,,,0.0,0.0,0.15,0.0
БЭК186,eds_python_2020_284,50.0,50.0,40.0,10.0,1.0,1.0,1.0,1.0,1.0,1.0,6.0,0.0,10.0,10.0,10.0,20.0,30.0,16.0,10.0,10.0,106.0,10.6,4.62,5.0
БЭК186,eds_python_2020_285,50.0,50.0,40.0,10.0,1.0,1.0,1.0,1.0,1.0,1.0,6.0,2.0,10.0,10.0,10.0,20.0,,20.0,22.0,0.0,82.0,8.2,4.14,4.0
БЭК186,eds_python_2020_286,22.0,50.0,40.0,8.0,0.0,1.0,1.0,0.0,1.0,1.0,4.0,1.0,6.666666667,10.0,10.0,20.0,,16.0,12.0,,68.0,6.8,3.226666667,3.0
БЭК186,eds_python_2020_287,50.0,50.0,40.0,10.0,1.0,1.0,1.0,1.0,1.0,1.0,6.0,1.0,10.0,10.0,10.0,20.0,25.0,6.0,16.0,,87.0,8.7,4.24,4.0
БЭК186,eds_python_2020_288,32.0,50.0,39.0,8.0,1.0,1.0,1.0,0.0,1.0,1.0,5.0,1.0,8.333333332999999,4.0,10.0,20.0,,4.0,0.0,,38.0,3.8,2.793333333,3.0
БЭК186,eds_python_2020_289,50.0,50.0,40.0,10.0,1.0,1.0,1.0,1.0,1.0,1.0,6.0,2.0,10.0,9.0,10.0,10.0,,,14.0,0.0,43.0,4.3,3.36,3.0
БЭК186,eds_python_2020_290,50.0,50.0,40.0,10.0,1.0,1.0,1.0,1.0,1.0,1.0,6.0,1.0,10.0,10.0,10.0,15.0,25.0,14.0,14.0,0.0,88.0,8.8,4.26,4.0
БЭК186,eds_python_2020_291,50.0,50.0,40.0,10.0,1.0,1.0,0.0,1.0,1.0,1.0,5.0,2.0,8.333333332999999,0.0,10.0,20.0,,8.0,12.0,,50.0,5.0,3.333333333,3.0
БЭК186,eds_python_2020_292,50.0,50.0,40.0,10.0,1.0,1.0,1.0,1.0,1.0,1.0,6.0,2.0,10.0,1.0,10.0,18.0,30.0,20.0,30.0,,109.0,10.9,4.68,5.0
БЭК186,eds_python_2020_293,50.0,50.0,40.0,10.0,1.0,1.0,1.0,0.0,1.0,1.0,5.0,1.0,8.333333332999999,1.0,10.0,10.0,0.0,4.0,12.0,,37.0,3.7,3.0733333330000003,3.0
БЭК186,eds_python_2020_294,,,,,,,,,,,,,0.0,,,,,,,,0.0,0.0,,
БЭК186,eds_python_2020_295,50.0,50.0,40.0,10.0,,0.0,0.0,1.0,1.0,1.0,3.0,3.0,0.0,10.0,10.0,20.0,30.0,,,,70.0,7.0,2.9,3.0
БЭК186,eds_python_2020_296,20.0,50.0,40.0,8.0,0.0,1.0,,,1.0,,2.0,0.0,3.333333333,,10.0,6.0,,,,,16.0,1.6,1.8533333330000001,2.0
БЭК186,eds_python_2020_297,50.0,50.0,40.0,10.0,1.0,1.0,1.0,1.0,1.0,1.0,6.0,4.0,0.0,,10.0,20.0,30.0,12.0,30.0,,102.0,10.2,3.54,4.0
БЭК186,eds_python_2020_298,50.0,50.0,40.0,10.0,1.0,1.0,1.0,1.0,1.0,1.0,6.0,0.0,10.0,10.0,10.0,12.0,0.0,,12.0,0.0,44.0,4.4,3.38,3.0
БЭК186,eds_python_2020_299,50.0,50.0,40.0,10.0,1.0,1.0,1.0,0.0,1.0,1.0,5.0,0.0,8.333333332999999,,10.0,20.0,,16.0,0.0,,46.0,4.6,3.253333333,3.0
БЭК186,eds_python_2020_300,50.0,50.0,40.0,10.0,1.0,1.0,1.0,1.0,1.0,1.0,6.0,1.0,10.0,10.0,10.0,20.0,30.0,20.0,30.0,0.0,120.0,12.0,4.9,5.0
БЭК186,eds_python_2020_301,,,,,,,0.0,,0.0,,0.0,0.0,0.0,1.0,0.0,0.0,,0.0,,,1.0,0.1,,
БЭК186,eds_python_2020_302,50.0,50.0,40.0,10.0,1.0,1.0,1.0,1.0,1.0,1.0,6.0,1.0,10.0,10.0,10.0,12.0,,16.0,12.0,,60.0,6.0,3.7,4.0
БЭК186,eds_python_2020_303,50.0,50.0,40.0,10.0,1.0,1.0,1.0,1.0,1.0,1.0,6.0,0.0,10.0,,10.0,16.0,,20.0,16.0,,62.0,6.2,3.74,4.0
БЭК186,eds_python_2020_304,48.0,48.0,40.0,10.0,1.0,1.0,1.0,1.0,1.0,1.0,6.0,0.0,10.0,,10.0,20.0,30.0,16.0,30.0,,106.0,10.6,4.62,5.0
БЭК187,eds_python_2020_305,50.0,50.0,40.0,10.0,1.0,1.0,1.0,1.0,1.0,1.0,6.0,5.0,0.0,10.0,10.0,20.0,8.0,,30.0,0.0,78.0,7.8,3.06,3.0
БЭК187,eds_python_2020_306,50.0,50.0,40.0,10.0,1.0,1.0,,,1.0,1.0,4.0,0.0,6.666666667,10.0,8.0,4.0,,,12.0,,34.0,3.4,2.846666667,3.0
БЭК187,eds_python_2020_307,50.0,50.0,40.0,10.0,1.0,1.0,1.0,,1.0,1.0,5.0,1.0,8.333333332999999,10.0,10.0,12.0,30.0,,,,62.0,6.2,3.5733333330000003,4.0
БЭК187,eds_python_2020_308,50.0,50.0,40.0,10.0,1.0,1.0,1.0,1.0,1.0,1.0,6.0,3.0,0.0,10.0,10.0,0.0,,,0.0,,20.0,2.0,1.9,2.0
БЭК187,eds_python_2020_309,50.0,50.0,40.0,10.0,1.0,1.0,1.0,1.0,1.0,1.0,6.0,2.0,10.0,0.0,10.0,0.0,30.0,,30.0,,70.0,7.0,3.9,4.0
БЭК187,eds_python_2020_310,50.0,50.0,40.0,10.0,1.0,1.0,1.0,1.0,1.0,1.0,6.0,6.0,0.0,10.0,10.0,20.0,8.0,16.0,,,64.0,6.4,2.78,3.0
БЭК187,eds_python_2020_311,50.0,50.0,40.0,10.0,1.0,1.0,1.0,1.0,1.0,1.0,6.0,1.0,10.0,10.0,10.0,20.0,30.0,20.0,30.0,,120.0,12.0,4.9,5.0
БЭК187,eds_python_2020_312,50.0,50.0,40.0,10.0,1.0,1.0,1.0,1.0,1.0,1.0,6.0,1.0,10.0,10.0,10.0,20.0,,0.0,12.0,0.0,52.0,5.2,3.54,4.0
БЭК187,eds_python_2020_313,50.0,50.0,40.0,10.0,1.0,1.0,1.0,1.0,1.0,1.0,6.0,0.0,10.0,1.0,10.0,20.0,25.0,4.0,14.0,0.0,74.0,7.4,3.98,4.0
БЭК187,eds_python_2020_314,50.0,50.0,40.0,10.0,1.0,1.0,0.0,1.0,1.0,1.0,5.0,2.0,8.333333332999999,10.0,10.0,20.0,,16.0,30.0,,86.0,8.6,4.053333333,4.0
БЭК187,eds_python_2020_315,50.0,50.0,40.0,10.0,1.0,1.0,1.0,1.0,1.0,1.0,6.0,0.0,10.0,,10.0,20.0,,4.0,,,34.0,3.4,3.18,3.0
БЭК187,eds_python_2020_316,50.0,50.0,40.0,10.0,1.0,1.0,1.0,1.0,1.0,1.0,6.0,1.0,10.0,10.0,10.0,20.0,,0.0,30.0,,70.0,7.0,3.9,4.0
БЭК187,eds_python_2020_317,44.0,50.0,40.0,9.0,1.0,1.0,1.0,0.0,1.0,1.0,5.0,2.0,8.333333332999999,10.0,10.0,15.0,,,12.0,,47.0,4.7,3.123333333,3.0
БЭК187,eds_python_2020_318,50.0,50.0,40.0,10.0,1.0,1.0,1.0,1.0,1.0,1.0,6.0,0.0,10.0,10.0,10.0,9.0,,20.0,,,49.0,4.9,3.48,3.0
БЭК187,eds_python_2020_319,50.0,50.0,40.0,10.0,1.0,1.0,1.0,1.0,1.0,1.0,6.0,4.0,0.0,10.0,10.0,20.0,,,22.0,,62.0,6.2,2.74,3.0
БЭК187,eds_python_2020_320,50.0,50.0,40.0,10.0,1.0,1.0,1.0,0.0,1.0,1.0,5.0,0.0,8.333333332999999,10.0,10.0,18.0,,18.0,14.0,,70.0,7.0,3.733333333,4.0
БЭК187,eds_python_2020_321,50.0,50.0,40.0,10.0,1.0,1.0,,1.0,1.0,1.0,5.0,4.0,0.0,,0.0,20.0,,0.0,0.0,,20.0,2.0,1.9,2.0
БЭК187,eds_python_2020_322,50.0,50.0,40.0,10.0,1.0,1.0,1.0,1.0,1.0,1.0,6.0,4.0,0.0,10.0,10.0,20.0,,,30.0,,70.0,7.0,2.9,3.0
БЭК187,eds_python_2020_323,50.0,50.0,40.0,10.0,1.0,1.0,1.0,1.0,1.0,1.0,6.0,0.0,10.0,10.0,10.0,15.0,21.0,20.0,6.0,,82.0,8.2,4.14,4.0
БЭК187,eds_python_2020_324,50.0,50.0,40.0,10.0,1.0,1.0,1.0,0.0,1.0,1.0,5.0,2.0,8.333333332999999,10.0,10.0,4.0,30.0,,12.0,,66.0,6.6,3.653333333,4.0
БЭК187,eds_python_2020_325,50.0,50.0,40.0,10.0,1.0,1.0,1.0,1.0,1.0,1.0,6.0,3.0,0.0,9.0,10.0,4.0,,6.0,12.0,,41.0,4.1,2.32,2.0
БЭК187,eds_python_2020_326,50.0,50.0,40.0,10.0,1.0,1.0,1.0,1.0,1.0,1.0,6.0,0.0,10.0,10.0,10.0,20.0,30.0,0.0,26.0,0.0,96.0,9.6,4.42,4.0
БЭК187,eds_python_2020_327,50.0,50.0,40.0,10.0,1.0,1.0,1.0,1.0,1.0,1.0,6.0,0.0,10.0,10.0,10.0,20.0,,8.0,12.0,0.0,60.0,6.0,3.7,4.0
БЭК187,eds_python_2020_328,,,,,0.0,1.0,1.0,1.0,1.0,1.0,5.0,0.0,8.333333332999999,10.0,10.0,20.0,30.0,20.0,30.0,,120.0,12.0,,
БЭК187,eds_python_2020_329,50.0,50.0,40.0,10.0,1.0,1.0,1.0,1.0,1.0,1.0,6.0,5.0,0.0,10.0,10.0,18.0,30.0,,12.0,,80.0,8.0,3.1,3.0
БЭК187,eds_python_2020_330,50.0,50.0,40.0,10.0,0.0,1.0,1.0,1.0,1.0,1.0,5.0,1.0,8.333333332999999,10.0,,20.0,30.0,,,,60.0,6.0,3.5333333330000003,4.0
БЭК187,eds_python_2020_331,50.0,50.0,40.0,10.0,0.0,1.0,1.0,1.0,1.0,1.0,5.0,0.0,8.333333332999999,0.0,10.0,20.0,17.0,16.0,,0.0,63.0,6.3,3.593333333,4.0
БЭК187,eds_python_2020_332,50.0,50.0,40.0,10.0,1.0,1.0,0.0,1.0,1.0,1.0,5.0,3.0,0.0,10.0,10.0,20.0,,,12.0,,52.0,5.2,2.54,3.0
БЭК188,eds_python_2020_333,50.0,50.0,40.0,10.0,1.0,1.0,1.0,1.0,1.0,1.0,6.0,2.0,10.0,10.0,8.0,20.0,,,30.0,0.0,68.0,6.8,3.86,4.0
БЭК188,eds_python_2020_334,50.0,50.0,40.0,10.0,1.0,1.0,1.0,0.0,1.0,0.0,4.0,1.0,6.666666667,,10.0,7.0,30.0,,30.0,,77.0,7.7,3.706666667,4.0
БЭК188,eds_python_2020_335,50.0,50.0,40.0,10.0,1.0,1.0,1.0,1.0,1.0,1.0,6.0,0.0,10.0,1.0,10.0,18.0,,16.0,12.0,,57.0,5.7,3.64,4.0
БЭК188,eds_python_2020_336,50.0,50.0,40.0,10.0,1.0,1.0,1.0,1.0,1.0,1.0,6.0,2.0,10.0,9.0,10.0,4.0,,,14.0,,37.0,3.7,3.24,3.0
БЭК188,eds_python_2020_337,50.0,50.0,0.0,6.0,0.0,1.0,1.0,0.0,,,2.0,0.0,3.333333333,,,20.0,,16.0,,,36.0,3.6,1.9533333330000002,2.0
БЭК188,eds_python_2020_338,50.0,50.0,40.0,10.0,1.0,1.0,1.0,1.0,1.0,1.0,6.0,2.0,10.0,9.0,10.0,7.0,,,,,26.0,2.6,3.02,3.0
БЭК188,eds_python_2020_339,50.0,50.0,40.0,10.0,1.0,1.0,1.0,1.0,1.0,1.0,6.0,1.0,10.0,10.0,10.0,20.0,,20.0,16.0,0.0,76.0,7.6,4.02,4.0
БЭК188,eds_python_2020_340,50.0,50.0,40.0,10.0,1.0,1.0,1.0,1.0,1.0,1.0,6.0,0.0,10.0,2.0,10.0,20.0,,,14.0,10.0,56.0,5.6,3.62,4.0
БЭК188,eds_python_2020_341,50.0,50.0,40.0,10.0,1.0,1.0,1.0,1.0,1.0,1.0,6.0,3.0,0.0,,10.0,7.0,,10.0,12.0,,39.0,3.9,2.28,2.0
БЭК188,eds_python_2020_342,50.0,50.0,40.0,10.0,1.0,1.0,1.0,1.0,1.0,1.0,6.0,4.0,0.0,,10.0,15.0,,20.0,12.0,5.0,62.0,6.2,2.74,3.0
БЭК188,eds_python_2020_343,50.0,50.0,40.0,10.0,1.0,1.0,1.0,,1.0,1.0,5.0,3.0,0.0,10.0,10.0,13.0,30.0,,,0.0,63.0,6.3,2.76,3.0
БЭК188,eds_python_2020_344,50.0,50.0,40.0,10.0,1.0,1.0,1.0,,1.0,1.0,5.0,3.0,0.0,8.0,10.0,13.0,30.0,,,,61.0,6.1,2.72,3.0
БЭК188,eds_python_2020_345,50.0,50.0,40.0,10.0,1.0,1.0,1.0,1.0,1.0,1.0,6.0,1.0,10.0,10.0,10.0,7.0,,,12.0,,39.0,3.9,3.28,3.0
БЭК188,eds_python_2020_346,50.0,50.0,40.0,10.0,1.0,1.0,1.0,1.0,1.0,1.0,6.0,1.0,10.0,10.0,10.0,13.0,,4.0,14.0,,51.0,5.1,3.52,4.0
БЭК188,eds_python_2020_347,50.0,50.0,40.0,10.0,1.0,1.0,1.0,1.0,1.0,1.0,6.0,2.0,10.0,0.0,0.0,20.0,30.0,14.0,12.0,,76.0,7.6,4.02,4.0
БЭК188,eds_python_2020_348,50.0,50.0,40.0,10.0,1.0,1.0,1.0,0.0,1.0,1.0,5.0,5.0,0.0,10.0,0.0,18.0,30.0,20.0,14.0,,92.0,9.2,3.34,3.0
БЭК188,eds_python_2020_349,50.0,50.0,40.0,10.0,1.0,1.0,1.0,1.0,1.0,1.0,6.0,3.0,0.0,9.0,10.0,7.0,,4.0,12.0,,42.0,4.2,2.34,2.0
БЭК188,eds_python_2020_350,50.0,50.0,40.0,10.0,1.0,1.0,1.0,1.0,1.0,1.0,6.0,3.0,0.0,1.0,10.0,12.0,,,,,23.0,2.3,1.96,2.0
БЭК188,eds_python_2020_351,50.0,50.0,40.0,10.0,1.0,1.0,1.0,1.0,1.0,1.0,6.0,1.0,10.0,10.0,10.0,10.0,0.0,12.0,12.0,,54.0,5.4,3.58,4.0
БЭК188,eds_python_2020_352,50.0,50.0,40.0,10.0,1.0,1.0,1.0,1.0,1.0,1.0,6.0,1.0,10.0,0.0,10.0,20.0,,18.0,30.0,,78.0,7.8,4.06,4.0
БЭК188,eds_python_2020_353,50.0,50.0,40.0,10.0,1.0,1.0,1.0,1.0,1.0,1.0,6.0,1.0,10.0,1.0,10.0,16.0,,18.0,16.0,,61.0,6.1,3.72,4.0
БЭК188,eds_python_2020_354,,,,,,,,,,,,,0.0,,,,,,,,0.0,0.0,,
БЭК188,eds_python_2020_355,50.0,50.0,40.0,10.0,1.0,1.0,1.0,0.0,1.0,1.0,5.0,0.0,8.333333332999999,2.0,7.0,16.0,30.0,,,0.0,55.0,5.5,3.433333333,3.0
БЭК188,eds_python_2020_356,50.0,50.0,40.0,10.0,0.0,1.0,1.0,0.0,1.0,1.0,4.0,1.0,6.666666667,0.0,10.0,20.0,30.0,18.0,16.0,,94.0,9.4,4.046666667,4.0
БЭК188,eds_python_2020_357,50.0,50.0,40.0,10.0,0.0,1.0,1.0,1.0,1.0,1.0,5.0,2.0,8.333333332999999,10.0,10.0,12.0,0.0,,12.0,,44.0,4.4,3.213333333,3.0
БЭК189,eds_python_2020_358,50.0,50.0,40.0,10.0,1.0,1.0,1.0,0.0,1.0,1.0,5.0,3.0,0.0,0.0,10.0,20.0,0.0,,,,30.0,3.0,2.1,2.0
БЭК189,eds_python_2020_359,,,,,1.0,1.0,0.0,0.0,1.0,0.0,3.0,0.0,5.0,10.0,10.0,20.0,,0.0,12.0,,52.0,5.2,,
БЭК189,eds_python_2020_360,50.0,50.0,40.0,10.0,1.0,1.0,1.0,1.0,1.0,1.0,6.0,1.0,10.0,,10.0,20.0,30.0,16.0,30.0,,106.0,10.6,4.62,5.0
БЭК189,eds_python_2020_361,50.0,50.0,40.0,10.0,1.0,1.0,1.0,0.0,1.0,1.0,5.0,2.0,8.333333332999999,10.0,10.0,20.0,30.0,4.0,,0.0,74.0,7.4,3.813333333,4.0
БЭК189,eds_python_2020_362,,,,,,1.0,0.0,0.0,1.0,1.0,3.0,3.0,0.0,,,7.0,,,,,7.0,0.7,,
БЭК189,eds_python_2020_363,50.0,50.0,40.0,10.0,1.0,1.0,1.0,1.0,1.0,1.0,6.0,3.0,0.0,,10.0,0.0,,0.0,14.0,,24.0,2.4,1.98,2.0
БЭК189,eds_python_2020_364,50.0,50.0,40.0,10.0,1.0,1.0,1.0,1.0,1.0,1.0,6.0,1.0,10.0,1.0,10.0,20.0,,4.0,12.0,,47.0,4.7,3.44,3.0
БЭК189,eds_python_2020_365,50.0,50.0,40.0,10.0,1.0,1.0,1.0,1.0,1.0,1.0,6.0,1.0,10.0,,0.0,20.0,30.0,20.0,30.0,,100.0,10.0,4.5,5.0
БЭК189,eds_python_2020_366,50.0,50.0,40.0,10.0,1.0,1.0,1.0,1.0,1.0,1.0,6.0,4.0,0.0,0.0,10.0,20.0,30.0,16.0,14.0,,90.0,9.0,3.3,3.0
БЭК189,eds_python_2020_367,50.0,50.0,40.0,10.0,1.0,1.0,1.0,1.0,1.0,1.0,6.0,1.0,10.0,2.0,10.0,10.0,,16.0,12.0,,50.0,5.0,3.5,4.0
БЭК189,eds_python_2020_368,50.0,50.0,40.0,10.0,1.0,1.0,1.0,0.0,1.0,1.0,5.0,4.0,0.0,10.0,10.0,0.0,,,,,20.0,2.0,1.9,2.0
БЭК189,eds_python_2020_369,50.0,50.0,40.0,10.0,1.0,1.0,1.0,0.0,1.0,1.0,5.0,5.0,0.0,10.0,,,30.0,,12.0,,52.0,5.2,2.54,3.0
БЭК189,eds_python_2020_370,,50.0,40.0,8.0,,,,,,,,,0.0,,,,,,,,0.0,0.0,1.2,1.0
БЭК189,eds_python_2020_371,50.0,50.0,40.0,10.0,1.0,1.0,1.0,0.0,1.0,1.0,5.0,1.0,8.333333332999999,,10.0,,,4.0,,,14.0,1.4,2.613333333,3.0
БЭК189,eds_python_2020_372,20.0,50.0,40.0,8.0,,,,,,,,,0.0,,,,,,,,0.0,0.0,1.2,1.0
БЭК189,eds_python_2020_373,50.0,50.0,40.0,10.0,1.0,1.0,1.0,1.0,1.0,1.0,6.0,0.0,10.0,10.0,10.0,20.0,,16.0,26.0,,82.0,8.2,4.14,4.0
БЭК189,eds_python_2020_374,0.0,0.0,0.0,0.0,1.0,1.0,1.0,0.0,1.0,1.0,5.0,0.0,8.333333332999999,1.0,10.0,6.0,,16.0,12.0,,45.0,4.5,1.733333333,2.0
БЭК189,eds_python_2020_375,50.0,50.0,40.0,10.0,1.0,1.0,1.0,1.0,1.0,1.0,6.0,1.0,10.0,9.0,10.0,20.0,30.0,,26.0,,95.0,9.5,4.4,4.0
БЭК189,eds_python_2020_376,50.0,50.0,40.0,10.0,1.0,1.0,1.0,1.0,1.0,1.0,6.0,4.0,0.0,10.0,0.0,20.0,,,,0.0,30.0,3.0,2.1,2.0
БЭК189,eds_python_2020_377,50.0,50.0,40.0,10.0,1.0,1.0,1.0,1.0,1.0,1.0,6.0,2.0,10.0,,8.0,,,,,,8.0,0.8,2.66,3.0
БЭК189,eds_python_2020_378,50.0,50.0,40.0,10.0,1.0,1.0,1.0,1.0,1.0,1.0,6.0,0.0,10.0,10.0,10.0,20.0,30.0,16.0,,,86.0,8.6,4.22,4.0
БЭК189,eds_python_2020_379,50.0,50.0,40.0,10.0,1.0,1.0,1.0,1.0,1.0,1.0,6.0,1.0,10.0,10.0,10.0,20.0,,20.0,12.0,,72.0,7.2,3.94,4.0
БЭК189,eds_python_2020_380,49.0,50.0,40.0,10.0,1.0,1.0,1.0,1.0,1.0,1.0,6.0,5.0,0.0,1.0,0.0,20.0,30.0,16.0,12.0,,79.0,7.9,3.08,3.0
БЭК189,eds_python_2020_381,50.0,50.0,40.0,10.0,1.0,1.0,1.0,1.0,1.0,1.0,6.0,1.0,10.0,,10.0,20.0,,16.0,14.0,0.0,60.0,6.0,3.7,4.0
БЭК189,eds_python_2020_382,50.0,50.0,40.0,10.0,1.0,1.0,1.0,,1.0,1.0,5.0,1.0,8.333333332999999,8.0,10.0,15.0,,4.0,0.0,,37.0,3.7,3.0733333330000003,3.0
БЭК189,eds_python_2020_383,50.0,50.0,40.0,10.0,1.0,1.0,1.0,1.0,1.0,1.0,6.0,0.0,10.0,10.0,10.0,20.0,30.0,20.0,18.0,,108.0,10.8,4.66,5.0
БЭК189,eds_python_2020_384,50.0,50.0,40.0,10.0,1.0,1.0,1.0,1.0,1.0,1.0,6.0,1.0,10.0,0.0,10.0,,,,,,10.0,1.0,2.7,3.0
БЭК189,eds_python_2020_385,50.0,50.0,40.0,10.0,1.0,1.0,,,1.0,,3.0,3.0,0.0,,,,,4.0,,,4.0,0.4,1.58,2.0
БЭК189,eds_python_2020_386,50.0,50.0,40.0,10.0,1.0,1.0,1.0,1.0,1.0,1.0,6.0,1.0,10.0,10.0,10.0,20.0,,10.0,12.0,,62.0,6.2,3.74,4.0
,eds_python_2020_387,,,,,,,,,,,,,0.0,,,,,,,,0.0,0.0,0.0,
БЭК1811,eds_python_2020_388,50.0,50.0,40.0,10.0,1.0,1.0,1.0,1.0,1.0,0.0,5.0,0.0,8.333333332999999,10.0,10.0,7.0,30.0,,12.0,,69.0,6.9,3.713333333,
